{
 "version": "auto-py-to-exe-configuration_v1",
 "pyinstallerOptions": [
  {
   "optionDest": "noconfirm",
   "value": true
  },
  {
   "optionDest": "filenames",
   "value": "C:/Users/lukep/PycharmProjects/pythonProject/BlackJack/BJ_app.py"
  },
  {
   "optionDest": "onefile",
   "value": false
  },
  {
   "optionDest": "console",
   "value": true
  },
  {
   "optionDest": "ascii",
   "value": false
  },
  {
   "optionDest": "clean_build",
   "value": false
  },
  {
   "optionDest": "strip",
   "value": false
  },
  {
   "optionDest": "noupx",
   "value": false
  },
  {
   "optionDest": "disable_windowed_traceback",
   "value": false
  },
  {
   "optionDest": "embed_manifest",
   "value": true
  },
  {
   "optionDest": "uac_admin",
   "value": false
  },
  {
   "optionDest": "uac_uiaccess",
   "value": false
  },
  {
   "optionDest": "win_private_assemblies",
   "value": false
  },
  {
   "optionDest": "win_no_prefer_redirects",
   "value": false
  },
  {
   "optionDest": "bootloader_ignore_signals",
   "value": false
  },
  {
   "optionDest": "datas",
   "value": "C:/Users/lukep/PycharmProjects/pythonProject/BlackJack/__pycache__;__pycache__/"
  },
  {
   "optionDest": "datas",
   "value": "C:/Users/lukep/PycharmProjects/pythonProject/BlackJack/blackjackcards;blackjackcards/"
  },
  {
   "optionDest": "datas",
   "value": "C:/Users/lukep/PycharmProjects/pythonProject/BlackJack/hit_stand_botton;hit_stand_botton/"
  },
  {
   "optionDest": "datas",
   "value": "C:/Users/lukep/PycharmProjects/pythonProject/BlackJack/New folder;New folder/"
  },
  {
   "optionDest": "datas",
   "value": "C:/Users/lukep/PycharmProjects/pythonProject/BlackJack/vcard;vcard/"
  }
 ],
 "nonPyinstallerOptions": {
  "increaseRecursionLimit": true,
  "manualArguments": ""
 }
}